sequence,qseqid,ori_type,pct_identity,pct_cov_subject,q_start,q_end,strand,qlen,sstart,send,slen,length,bitscore,evalue
seq_1,seq_1,ColE1,99.83,100.0,9738,10326,-,12101,589,1,589,589,1058,0.0
seq_1,seq_1,ColE1,99.83,100.0,6720,7308,-,12101,589,1,589,589,1058,0.0
seq_1,seq_1,Col440I_1__CP023920,94.737,100.0,1318,1431,+,12101,1,114,114,114,179,3.49e-45
seq_1,seq_1,Col440I_1__CP023920,94.737,100.0,4164,4277,+,12101,1,114,114,114,179,3.49e-45
seq_11,seq_11,ColE1,99.66,100.0,2417,3005,+,7821,1,589,589,589,1054,0.0
seq_11,seq_11,ColE1,99.66,100.0,5206,5794,+,7821,1,589,589,589,1054,0.0
seq_13,seq_13,Col440I_1__CP023920,94.737,100.0,1524,1637,+,4720,1,114,114,114,179,1.36e-45
seq_14,seq_14,ColE1,99.83,100.0,1618,2206,+,6968,1,589,589,589,1058,0.0
seq_15,seq_15,pBBR1,100.0,94.00278940027894,1058,2405,+,2405,1,1348,1434,1348,2432,0.0
seq_17,seq_17,pBBR1,99.926,94.07252440725244,1058,2406,+,2406,1,1348,1434,1349,2425,0.0
seq_19,seq_19,pBBR1,100.0,94.00278940027894,1058,2405,+,2405,1,1348,1434,1348,2432,0.0
seq_22,seq_22,ColE1,99.66,100.0,507,1095,-,3436,589,1,589,589,1054,0.0
seq_23,seq_23,ColE1,99.83,100.0,4921,5509,-,13022,589,1,589,589,1058,0.0
seq_23,seq_23,ColE1,99.83,100.0,1892,2480,-,13022,589,1,589,589,1058,0.0
seq_23,seq_23,ColE1,99.491,100.0,9997,10585,-,13022,589,1,589,589,1049,0.0
seq_24,seq_24,ColE1,99.83,100.0,3980,4568,+,6118,1,589,589,589,1058,0.0
seq_24,seq_24,ColE1,99.83,100.0,5127,5715,+,6118,1,589,589,589,1058,0.0
seq_26,seq_26,ColE1,99.83,100.0,6436,7024,-,10872,589,1,589,589,1058,0.0
seq_26,seq_26,ColE1,98.923,94.56706281833615,1901,2457,+,10872,1,556,589,557,975,0.0
seq_27,seq_27,pBBR1,99.926,94.07252440725244,1058,2406,+,2406,1,1348,1434,1349,2425,0.0
seq_28,seq_28,ColE1,99.66,100.0,2082,2670,+,9159,1,589,589,589,1054,0.0
seq_28,seq_28,ColE1,99.66,100.0,4930,5518,+,9159,1,589,589,589,1054,0.0
seq_28,seq_28,ColE1,99.66,100.0,7778,8366,+,9159,1,589,589,589,1054,0.0
seq_29,seq_29,ColE10_1__X01654,100.0,100.0,4040,4216,-,5064,177,1,177,177,320,6.610000000000001e-88
seq_30,seq_30,ColRNAI_1__DQ298019,97.71,100.76923076923076,2215,2345,+,4529,1,130,130,131,220,1.49e-57
seq_33,seq_33,ColE1,99.83,100.0,5379,5967,-,7389,589,1,589,589,1058,0.0
seq_33,seq_33,ColE1,99.323,100.339558573854,2411,3001,+,7389,1,589,589,591,1046,0.0
seq_34,seq_34,ColE1,99.83,100.0,5325,5913,+,14994,1,589,589,589,1058,0.0
seq_34,seq_34,ColE1,99.83,100.0,11049,11637,+,14994,1,589,589,589,1058,0.0
seq_34,seq_34,Col(pHAD28)_1__KU674895,89.313,100.0,109,239,-,14994,131,1,131,131,174,1.84e-43
seq_35,seq_35,ColE1,99.83,100.0,1259,1847,-,12006,589,1,589,589,1058,0.0
seq_35,seq_35,ColE1,99.826,97.62308998302208,11254,11828,-,12006,575,1,589,575,1033,0.0
seq_35,seq_35,ColE1,99.491,100.0,7247,7835,-,12006,589,1,589,589,1049,0.0
seq_35,seq_35,ColE1,99.491,100.0,4663,5251,-,12006,589,1,589,589,1049,0.0
seq_36,seq_36,ColE1,99.66,100.0,1609,2197,-,4053,589,1,589,589,1054,0.0
seq_38,seq_38,ColE1,99.66,100.0,711,1299,-,4289,589,1,589,589,1054,0.0
seq_39,seq_39,ColE10_1__X01654,100.0,100.0,1580,1756,-,5802,177,1,177,177,320,7.580000000000001e-88
seq_40,seq_40,Col(pHAD28)_1__KU674895,89.908,83.20610687022901,912,1020,-,1903,123,15,131,109,148,3.22e-36
seq_41,seq_41,ColE1,99.66,100.0,3204,3792,+,12189,1,589,589,589,1054,0.0
seq_41,seq_41,Col440I_1__CP023920,94.737,100.0,8331,8444,+,12189,1,114,114,114,179,3.51e-45
seq_43,seq_43,ColE1,99.83,100.0,1985,2573,+,4083,1,589,589,589,1058,0.0
seq_44,seq_44,ColE1,99.83,100.0,3742,4330,-,6495,589,1,589,589,1058,0.0
seq_45,seq_45,pBBR1,99.854,95.60669456066944,2100,3470,-,3470,1434,65,1434,1371,2461,0.0
seq_46,seq_46,ColE1,99.66,100.0,2630,3218,+,4150,1,589,589,589,1054,0.0
seq_48,seq_48,ColE1,99.83,100.0,1855,2443,+,10667,1,589,589,589,1058,0.0
seq_48,seq_48,ColE1,99.83,100.0,7647,8235,+,10667,1,589,589,589,1058,0.0
seq_51,seq_51,ColE1,99.83,100.0,2595,3183,+,14558,1,589,589,589,1058,0.0
seq_51,seq_51,ColE1,99.83,100.0,5407,5995,+,14558,1,589,589,589,1058,0.0
seq_51,seq_51,ColE1,99.83,100.0,10760,11348,+,14558,1,589,589,589,1058,0.0
seq_53,seq_53,ColE1,99.83,100.0,1192,1780,-,12547,589,1,589,589,1058,0.0
seq_53,seq_53,ColE1,99.491,100.0,6255,6843,-,12547,589,1,589,589,1049,0.0
seq_54,seq_54,ColE1,99.83,100.0,3289,3877,-,7314,589,1,589,589,1058,0.0
seq_54,seq_54,ColE1,99.83,100.0,1087,1675,-,7314,589,1,589,589,1058,0.0
seq_54,seq_54,ColE1,98.472,100.0,4114,4695,-,7314,589,1,589,589,1024,0.0
seq_55,seq_55,ColE10_1__X01654,100.0,100.0,4236,4412,-,7671,177,1,177,177,320,1e-87
seq_55,seq_55,Col440I_1__CP023920,94.737,100.0,1685,1798,+,7671,1,114,114,114,179,2.21e-45
seq_56,seq_56,ColE1,99.83,100.0,2019,2607,+,6115,1,589,589,589,1058,0.0
seq_57,seq_57,ColE1,99.83,100.0,9545,10133,-,15651,589,1,589,589,1058,0.0
seq_57,seq_57,ColE1,99.83,100.0,5382,5970,-,15651,589,1,589,589,1058,0.0
seq_57,seq_57,ColE1,99.83,100.0,1340,1928,-,15651,589,1,589,589,1058,0.0
seq_58,seq_58,ColE1,99.83,100.0,5820,6408,+,7532,1,589,589,589,1058,0.0
seq_58,seq_58,ColE1,99.66,100.0,3892,4480,+,7532,1,589,589,589,1054,0.0
seq_6,seq_6,ColE1,99.322,100.169779286927,1109,1698,-,3933,589,1,589,590,1043,0.0
seq_60,seq_60,ColE1,99.491,100.0,2205,2793,-,3495,589,1,589,589,1049,0.0
seq_63,seq_63,ColE1,99.83,100.0,4344,4932,+,8840,1,589,589,589,1058,0.0
seq_64,seq_64,ColE1,99.66,100.0,1192,1780,+,7365,1,589,589,589,1054,0.0
seq_64,seq_64,ColE1,99.66,100.0,3578,4166,+,7365,1,589,589,589,1054,0.0
seq_64,seq_64,ColE1,99.66,100.0,6475,7063,+,7365,1,589,589,589,1054,0.0
seq_66,seq_66,ColE1,99.83,100.0,2345,2933,+,6684,1,589,589,589,1058,0.0
seq_67,seq_67,ColE10_1__X01654,100.0,100.0,7240,7416,-,10316,177,1,177,177,320,1.35e-87
seq_67,seq_67,ColE1,99.83,100.0,4213,4801,-,10316,589,1,589,589,1058,0.0
seq_67,seq_67,ColE1,99.491,100.0,1125,1713,-,10316,589,1,589,589,1049,0.0
seq_68,seq_68,ColE1,99.66,100.0,10667,11254,-,14828,589,1,589,589,1050,0.0
seq_68,seq_68,ColE1,99.66,100.0,3773,4360,-,14828,589,1,589,589,1050,0.0
seq_69,seq_69,ColE1,99.83,100.0,10234,10822,-,14110,589,1,589,589,1058,0.0
seq_69,seq_69,ColE1,99.83,100.0,7205,7793,-,14110,589,1,589,589,1058,0.0
seq_69,seq_69,ColE1,99.83,100.0,4217,4805,-,14110,589,1,589,589,1058,0.0
seq_69,seq_69,ColE1,99.83,100.0,1229,1817,-,14110,589,1,589,589,1058,0.0
seq_7,seq_7,ColE1,99.66,100.0,2890,3478,+,9665,1,589,589,589,1054,0.0
seq_7,seq_7,ColE1,99.66,100.0,5966,6554,+,9665,1,589,589,589,1054,0.0
seq_71,seq_71,ColE1,99.83,100.0,4327,4915,-,10747,589,1,589,589,1058,0.0
seq_71,seq_71,ColE1,99.83,100.0,1179,1767,-,10747,589,1,589,589,1058,0.0
seq_72,seq_72,ColE1,99.83,100.0,6548,7136,+,15958,1,589,589,589,1058,0.0
seq_72,seq_72,ColE1,99.83,100.0,13121,13709,+,15958,1,589,589,589,1058,0.0
seq_72,seq_72,ColE1,99.66,100.0,1708,2296,-,15958,589,1,589,589,1054,0.0
seq_73,seq_73,ColE1,99.66,100.0,2077,2665,+,6044,1,589,589,589,1054,0.0
seq_73,seq_73,ColE1,99.321,100.0,3650,4237,+,6044,1,589,589,589,1041,0.0
seq_74,seq_74,ColE1,99.83,100.0,2361,2949,+,12127,1,589,589,589,1058,0.0
seq_74,seq_74,ColE1,99.83,100.0,7838,8426,+,12127,1,589,589,589,1058,0.0
seq_75,seq_75,ColE1,99.491,100.0,1125,1713,-,8619,589,1,589,589,1049,0.0
seq_75,seq_75,Col440I_1__CP023920,94.737,100.0,4900,5013,+,8619,1,114,114,114,179,2.49e-45
seq_76,seq_76,ColE1,99.83,100.0,4459,5047,+,9494,1,589,589,589,1058,0.0
seq_77,seq_77,pBBR1,99.852,94.07252440725244,1058,2405,+,2405,1,1348,1434,1349,2417,0.0
seq_78,seq_78,ColE1,99.83,100.0,5488,6076,+,9127,1,589,589,589,1058,0.0
seq_79,seq_79,ColE1,99.66,100.0,1411,1999,-,6160,589,1,589,589,1054,0.0
seq_80,seq_80,ColE1,99.66,100.0,5716,6304,-,10969,589,1,589,589,1054,0.0
seq_81,seq_81,pBBR1,99.926,94.00278940027894,1058,2404,+,2404,1,1348,1434,1348,2424,0.0
seq_85,seq_85,ColE10_1__X01654,100.0,100.0,1841,2017,-,7335,177,1,177,177,320,9.59e-88
seq_87,seq_87,pBBR1,99.926,94.00278940027894,1058,2404,+,2404,1,1348,1434,1348,2424,0.0
seq_88,seq_88,ColE1,99.83,100.0,1935,2523,+,6965,1,589,589,589,1058,0.0
seq_89,seq_89,ColE10_1__X01654,100.0,100.0,5030,5206,-,6054,177,1,177,177,320,7.91e-88
seq_89,seq_89,Col440I_1__CP023920,94.737,100.0,1371,1484,+,6054,1,114,114,114,179,1.74e-45
seq_9,seq_9,ColE1,99.83,100.0,1602,2190,-,7113,589,1,589,589,1058,0.0
seq_9,seq_9,ColE1,99.66,100.0,6253,6841,+,7113,1,589,589,589,1054,0.0
seq_91,seq_91,ColE10_1__X01654,100.0,100.0,3040,3216,-,7637,177,1,177,177,320,9.98e-88
seq_91,seq_91,ColE1,99.83,100.0,6564,7152,-,7637,589,1,589,589,1058,0.0
seq_93,seq_93,ColE1,99.491,100.0,2603,3191,-,3595,589,1,589,589,1049,0.0
seq_96,seq_96,ColE1,99.83,100.0,2327,2915,+,11677,1,589,589,589,1058,0.0
seq_96,seq_96,ColE1,99.83,100.0,8144,8732,+,11677,1,589,589,589,1058,0.0
seq_98,seq_98,ColE1,99.66,100.0,2585,3173,-,6562,589,1,589,589,1054,0.0
seq_99,seq_99,ColE1,99.83,100.0,2901,3489,+,15959,1,589,589,589,1058,0.0
seq_99,seq_99,ColE1,99.83,100.0,8434,9022,+,15959,1,589,589,589,1058,0.0
seq_99,seq_99,ColE1,99.83,100.0,13689,14277,+,15959,1,589,589,589,1058,0.0
